﻿<?xml version="1.0" encoding="UTF-8" standalone="yes"?>
<addon id="Litium.repo" name="repository" version="0.0.1" provider-name="Litium">
	<extension point="xbmc.addon.repository" name="Add-on Repository">
		<info compressed="false">http://raw.github.com/Litium333/Litium.repo/master/addons.xml</info>
		<checksum>http://raw.github.com/Litium333/Litium.repo/master/addons.xml.md5</checksum>
		<datadir zip="true">http://raw.github.com/Litium333/Litium.repo/master/repo/</datadir>
	</extension>
	<extension point="xbmc.addon.metadata">
		<summary>Repositório</summary>
		<description>Repositório</description>
		<disclaimer></disclaimer>
		<platform>all</platform>
	</extension>
</addon>