﻿<?xml version="1.0" encoding="UTF-8" standalone="yes"?>
<addon id="plugin.video.piologo" name="Irmãos Piologo" version="0.1" provider-name="Litium">
  <requires>
    <import addon="xbmc.python" version="2.1.0"/>
    <import addon="script.module.addon.common" version="2.0.0"/>
    <import addon="plugin.video.youtube" />
  </requires>
	
  <extension point="xbmc.python.pluginsource" library="default.py">
    <provides>video</provides>
  </extension>
	
  <extension point="xbmc.addon.metadata">
    <summary lang="en">Irmãos Piologo</summary>
    <description lang="en">O addon mais divertido do Planetaaaaa.
Nota Importante: Aconselhado a última versão do youtube </description>
    <platform>all</platform>
    <forum></forum>
    <website></website>
  </extension>
</addon>
